"app","docId","dateTime","op","targetType","id","vr","worksheet","axis0","item0","axis1","item1","dateTimeMS"
"https://topic-writer.appspot.com/","3b02fd33-a27c-11ea-8d88-a70856ba4349","2020-05-30T13:48:31","cc_create","","other","0.7","https://docs.google.com/spreadsheets/d/1bOWAf7kGwbgbFsWPaB4okVg8l2lD12s_gtEZTFVC3sU/edit","","","","","2020-05-30T13:48:31.895Z"
"https://topic-writer.appspot.com/","3b02fd33-a27c-11ea-8d88-a70856ba4349","2020-05-30T13:48:31","cc_documentLoaded","","other","0.7","https://docs.google.com/spreadsheets/d/1bOWAf7kGwbgbFsWPaB4okVg8l2lD12s_gtEZTFVC3sU/edit","","","","","2020-05-30T13:48:31.955Z"
"https://topic-writer.appspot.com/","3b02fd33-a27c-11ea-8d88-a70856ba4349","2020-05-30T13:48:39","cc_cellPhraseAppend","td","cc_0_1","0.7","https://docs.google.com/spreadsheets/d/1bOWAf7kGwbgbFsWPaB4okVg8l2lD12s_gtEZTFVC3sU/edit","cc_3","cc_5","cc_4","cc_0_0","2020-05-30T13:48:39.291Z"
"https://topic-writer.appspot.com/","3b02fd33-a27c-11ea-8d88-a70856ba4349","2020-05-30T13:50:17","cc_cellText","td","cc_0_1","0.7","https://docs.google.com/spreadsheets/d/1bOWAf7kGwbgbFsWPaB4okVg8l2lD12s_gtEZTFVC3sU/edit","cc_3","cc_5","cc_4","cc_0_0","2020-05-30T13:50:17.974Z"
"https://topic-writer.appspot.com/","3b02fd33-a27c-11ea-8d88-a70856ba4349","2020-05-30T13:50:20","cc_cellPhraseAppend","td","cc_1_1","0.7","https://docs.google.com/spreadsheets/d/1bOWAf7kGwbgbFsWPaB4okVg8l2lD12s_gtEZTFVC3sU/edit","cc_3","cc_5","cc_4","cc_1_0","2020-05-30T13:50:20.999Z"
"https://topic-writer.appspot.com/","3b02fd33-a27c-11ea-8d88-a70856ba4349","2020-05-30T13:54:05","cc_cellText","td","cc_1_1","0.7","https://docs.google.com/spreadsheets/d/1bOWAf7kGwbgbFsWPaB4okVg8l2lD12s_gtEZTFVC3sU/edit","cc_3","cc_5","cc_4","cc_1_0","2020-05-30T13:54:05.933Z"
"https://topic-writer.appspot.com/","3b02fd33-a27c-11ea-8d88-a70856ba4349","2020-05-30T13:54:12","cc_cellPhraseAppend","td","cc_2_1","0.7","https://docs.google.com/spreadsheets/d/1bOWAf7kGwbgbFsWPaB4okVg8l2lD12s_gtEZTFVC3sU/edit","cc_3","cc_5","cc_4","cc_2_0","2020-05-30T13:54:12.314Z"
"https://topic-writer.appspot.com/","3b02fd33-a27c-11ea-8d88-a70856ba4349","2020-05-30T13:58:13","cc_cellText","td","cc_2_1","0.7","https://docs.google.com/spreadsheets/d/1bOWAf7kGwbgbFsWPaB4okVg8l2lD12s_gtEZTFVC3sU/edit","cc_3","cc_5","cc_4","cc_2_0","2020-05-30T13:58:13.917Z"
"https://topic-writer.appspot.com/","3b02fd33-a27c-11ea-8d88-a70856ba4349","2020-05-30T13:58:31","cc_cellPhraseAppend","td","cc_3_1","0.7","https://docs.google.com/spreadsheets/d/1bOWAf7kGwbgbFsWPaB4okVg8l2lD12s_gtEZTFVC3sU/edit","cc_3","cc_5","cc_4","cc_3_0","2020-05-30T13:58:31.880Z"
"https://topic-writer.appspot.com/","3b02fd33-a27c-11ea-8d88-a70856ba4349","2020-05-30T14:03:48","cc_cellText","td","cc_3_1","0.7","https://docs.google.com/spreadsheets/d/1bOWAf7kGwbgbFsWPaB4okVg8l2lD12s_gtEZTFVC3sU/edit","cc_3","cc_5","cc_4","cc_3_0","2020-05-30T14:03:48.050Z"
"https://topic-writer.appspot.com/","3b02fd33-a27c-11ea-8d88-a70856ba4349","2020-05-30T14:04:22","cc_documentBeforeSave","","other","0.7","https://docs.google.com/spreadsheets/d/1bOWAf7kGwbgbFsWPaB4okVg8l2lD12s_gtEZTFVC3sU/edit","","","","","2020-05-30T14:04:22.553Z"
"https://topic-writer.appspot.com/","3b02fd33-a27c-11ea-8d88-a70856ba4349","2020-05-30T14:04:27","cc_documentLoaded","","other","0.7","https://docs.google.com/spreadsheets/d/1bOWAf7kGwbgbFsWPaB4okVg8l2lD12s_gtEZTFVC3sU/edit","","","","","2020-05-30T14:04:27.716Z"
"https://topic-writer.appspot.com/","3b02fd33-a27c-11ea-8d88-a70856ba4349","2020-05-30T14:04:33","cc_textOut","","other","0.7","https://docs.google.com/spreadsheets/d/1bOWAf7kGwbgbFsWPaB4okVg8l2lD12s_gtEZTFVC3sU/edit","","","","","2020-05-30T14:04:33.038Z"
"https://topic-writer.appspot.com/","fb7c00a8-9f1a-11ea-8e4c-9f8888cb5acb","2020-05-26T06:34:53","cc_create","","other","0.7","https://docs.google.com/spreadsheets/d/1bOWAf7kGwbgbFsWPaB4okVg8l2lD12s_gtEZTFVC3sU/edit","","","","","2020-05-26T06:34:53.307Z"
"https://topic-writer.appspot.com/","fb7c00a8-9f1a-11ea-8e4c-9f8888cb5acb","2020-05-26T06:34:53","cc_documentLoaded","","other","0.7","https://docs.google.com/spreadsheets/d/1bOWAf7kGwbgbFsWPaB4okVg8l2lD12s_gtEZTFVC3sU/edit","","","","","2020-05-26T06:34:53.424Z"
"https://topic-writer.appspot.com/","fb7c00a8-9f1a-11ea-8e4c-9f8888cb5acb","2020-05-26T06:35:14","cc_cellPhraseAppend","td","cc_0_1","0.7","https://docs.google.com/spreadsheets/d/1bOWAf7kGwbgbFsWPaB4okVg8l2lD12s_gtEZTFVC3sU/edit","cc_3","cc_5","cc_4","cc_0_0","2020-05-26T06:35:14.363Z"
"https://topic-writer.appspot.com/","fb7c00a8-9f1a-11ea-8e4c-9f8888cb5acb","2020-05-26T06:37:16","cc_cellText","td","cc_0_1","0.7","https://docs.google.com/spreadsheets/d/1bOWAf7kGwbgbFsWPaB4okVg8l2lD12s_gtEZTFVC3sU/edit","cc_3","cc_5","cc_4","cc_0_0","2020-05-26T06:37:16.382Z"
"https://topic-writer.appspot.com/","fb7c00a8-9f1a-11ea-8e4c-9f8888cb5acb","2020-05-26T06:37:33","cc_cellPhraseAppend","td","cc_4_1","0.7","https://docs.google.com/spreadsheets/d/1bOWAf7kGwbgbFsWPaB4okVg8l2lD12s_gtEZTFVC3sU/edit","cc_3","cc_5","cc_4","cc_4_0","2020-05-26T06:37:33.120Z"
"https://topic-writer.appspot.com/","fb7c00a8-9f1a-11ea-8e4c-9f8888cb5acb","2020-05-26T06:47:52","cc_cellText","td","cc_4_1","0.7","https://docs.google.com/spreadsheets/d/1bOWAf7kGwbgbFsWPaB4okVg8l2lD12s_gtEZTFVC3sU/edit","cc_3","cc_5","cc_4","cc_4_0","2020-05-26T06:47:52.415Z"
"https://topic-writer.appspot.com/","fb7c00a8-9f1a-11ea-8e4c-9f8888cb5acb","2020-05-26T07:05:34","cc_documentBeforeSave","","other","0.7","https://docs.google.com/spreadsheets/d/1bOWAf7kGwbgbFsWPaB4okVg8l2lD12s_gtEZTFVC3sU/edit","","","","","2020-05-26T07:05:34.706Z"
"https://topic-writer.appspot.com/","fb7c00a8-9f1a-11ea-8e4c-9f8888cb5acb","2020-05-26T07:05:39","cc_documentLoaded","","other","0.7","https://docs.google.com/spreadsheets/d/1bOWAf7kGwbgbFsWPaB4okVg8l2lD12s_gtEZTFVC3sU/edit","","","","","2020-05-26T07:05:39.256Z"
"https://topic-writer.appspot.com/","fb7c00a8-9f1a-11ea-8e4c-9f8888cb5acb","2020-05-29T07:36:48","cc_documentLoaded","","other","0.7","https://docs.google.com/spreadsheets/d/1bOWAf7kGwbgbFsWPaB4okVg8l2lD12s_gtEZTFVC3sU/edit","","","","","2020-05-29T07:36:48.626Z"
"https://topic-writer.appspot.com/","fb7c00a8-9f1a-11ea-8e4c-9f8888cb5acb","2020-05-29T08:35:23","cc_cellText","td","cc_4_1","0.7","https://docs.google.com/spreadsheets/d/1bOWAf7kGwbgbFsWPaB4okVg8l2lD12s_gtEZTFVC3sU/edit","cc_3","cc_5","cc_4","cc_4_0","2020-05-29T08:35:23.283Z"
"https://topic-writer.appspot.com/","fb7c00a8-9f1a-11ea-8e4c-9f8888cb5acb","2020-05-29T08:48:07","cc_cellText","td","cc_4_1","0.7","https://docs.google.com/spreadsheets/d/1bOWAf7kGwbgbFsWPaB4okVg8l2lD12s_gtEZTFVC3sU/edit","cc_3","cc_5","cc_4","cc_4_0","2020-05-29T08:48:07.956Z"
"https://topic-writer.appspot.com/","fb7c00a8-9f1a-11ea-8e4c-9f8888cb5acb","2020-05-30T01:56:18","cc_cellText","td","cc_4_1","0.7","https://docs.google.com/spreadsheets/d/1bOWAf7kGwbgbFsWPaB4okVg8l2lD12s_gtEZTFVC3sU/edit","cc_3","cc_5","cc_4","cc_4_0","2020-05-30T01:56:18.237Z"
"https://topic-writer.appspot.com/","fb7c00a8-9f1a-11ea-8e4c-9f8888cb5acb","2020-05-30T02:36:15","cc_cellText","td","cc_4_1","0.7","https://docs.google.com/spreadsheets/d/1bOWAf7kGwbgbFsWPaB4okVg8l2lD12s_gtEZTFVC3sU/edit","cc_3","cc_5","cc_4","cc_4_0","2020-05-30T02:36:15.149Z"
"https://topic-writer.appspot.com/","fb7c00a8-9f1a-11ea-8e4c-9f8888cb5acb","2020-05-30T05:15:00","cc_cellText","td","cc_4_1","0.7","https://docs.google.com/spreadsheets/d/1bOWAf7kGwbgbFsWPaB4okVg8l2lD12s_gtEZTFVC3sU/edit","cc_3","cc_5","cc_4","cc_4_0","2020-05-30T05:15:00.489Z"
"https://topic-writer.appspot.com/","fb7c00a8-9f1a-11ea-8e4c-9f8888cb5acb","2020-05-30T05:39:32","cc_cellText","td","cc_4_1","0.7","https://docs.google.com/spreadsheets/d/1bOWAf7kGwbgbFsWPaB4okVg8l2lD12s_gtEZTFVC3sU/edit","cc_3","cc_5","cc_4","cc_4_0","2020-05-30T05:39:32.848Z"
"https://topic-writer.appspot.com/","fb7c00a8-9f1a-11ea-8e4c-9f8888cb5acb","2020-05-30T05:53:29","cc_cellText","td","cc_4_1","0.7","https://docs.google.com/spreadsheets/d/1bOWAf7kGwbgbFsWPaB4okVg8l2lD12s_gtEZTFVC3sU/edit","cc_3","cc_5","cc_4","cc_4_0","2020-05-30T05:53:29.344Z"
"https://topic-writer.appspot.com/","fb7c00a8-9f1a-11ea-8e4c-9f8888cb5acb","2020-05-30T05:54:48","cc_cellText","td","cc_4_1","0.7","https://docs.google.com/spreadsheets/d/1bOWAf7kGwbgbFsWPaB4okVg8l2lD12s_gtEZTFVC3sU/edit","cc_3","cc_5","cc_4","cc_4_0","2020-05-30T05:54:48.293Z"
"https://topic-writer.appspot.com/","fb7c00a8-9f1a-11ea-8e4c-9f8888cb5acb","2020-05-30T06:08:57","cc_cellText","td","cc_4_1","0.7","https://docs.google.com/spreadsheets/d/1bOWAf7kGwbgbFsWPaB4okVg8l2lD12s_gtEZTFVC3sU/edit","cc_3","cc_5","cc_4","cc_4_0","2020-05-30T06:08:57.331Z"
"https://topic-writer.appspot.com/","fb7c00a8-9f1a-11ea-8e4c-9f8888cb5acb","2020-05-30T06:23:33","cc_cellText","td","cc_4_1","0.7","https://docs.google.com/spreadsheets/d/1bOWAf7kGwbgbFsWPaB4okVg8l2lD12s_gtEZTFVC3sU/edit","cc_3","cc_5","cc_4","cc_4_0","2020-05-30T06:23:33.826Z"
"https://topic-writer.appspot.com/","fb7c00a8-9f1a-11ea-8e4c-9f8888cb5acb","2020-05-30T06:23:43","cc_cellPhraseAppend","td","cc_1_1","0.7","https://docs.google.com/spreadsheets/d/1bOWAf7kGwbgbFsWPaB4okVg8l2lD12s_gtEZTFVC3sU/edit","cc_3","cc_5","cc_4","cc_1_0","2020-05-30T06:23:43.072Z"
"https://topic-writer.appspot.com/","fb7c00a8-9f1a-11ea-8e4c-9f8888cb5acb","2020-05-30T06:28:18","cc_cellText","td","cc_1_1","0.7","https://docs.google.com/spreadsheets/d/1bOWAf7kGwbgbFsWPaB4okVg8l2lD12s_gtEZTFVC3sU/edit","cc_3","cc_5","cc_4","cc_1_0","2020-05-30T06:28:18.685Z"
"https://topic-writer.appspot.com/","fb7c00a8-9f1a-11ea-8e4c-9f8888cb5acb","2020-05-30T06:28:25","cc_cellPhraseAppend","td","cc_3_1","0.7","https://docs.google.com/spreadsheets/d/1bOWAf7kGwbgbFsWPaB4okVg8l2lD12s_gtEZTFVC3sU/edit","cc_3","cc_5","cc_4","cc_3_0","2020-05-30T06:28:25.798Z"
"https://topic-writer.appspot.com/","fb7c00a8-9f1a-11ea-8e4c-9f8888cb5acb","2020-05-30T06:34:34","cc_cellText","td","cc_3_1","0.7","https://docs.google.com/spreadsheets/d/1bOWAf7kGwbgbFsWPaB4okVg8l2lD12s_gtEZTFVC3sU/edit","cc_3","cc_5","cc_4","cc_3_0","2020-05-30T06:34:34.364Z"
"https://topic-writer.appspot.com/","fb7c00a8-9f1a-11ea-8e4c-9f8888cb5acb","2020-05-30T06:34:42","cc_cellPhraseAppend","td","cc_2_1","0.7","https://docs.google.com/spreadsheets/d/1bOWAf7kGwbgbFsWPaB4okVg8l2lD12s_gtEZTFVC3sU/edit","cc_3","cc_5","cc_4","cc_2_0","2020-05-30T06:34:42.930Z"
"https://topic-writer.appspot.com/","fb7c00a8-9f1a-11ea-8e4c-9f8888cb5acb","2020-05-30T06:37:03","cc_cellText","td","cc_2_1","0.7","https://docs.google.com/spreadsheets/d/1bOWAf7kGwbgbFsWPaB4okVg8l2lD12s_gtEZTFVC3sU/edit","cc_3","cc_5","cc_4","cc_2_0","2020-05-30T06:37:03.981Z"
"https://topic-writer.appspot.com/","fb7c00a8-9f1a-11ea-8e4c-9f8888cb5acb","2020-05-30T06:40:57","cc_cellText","td","cc_1_1","0.7","https://docs.google.com/spreadsheets/d/1bOWAf7kGwbgbFsWPaB4okVg8l2lD12s_gtEZTFVC3sU/edit","cc_3","cc_5","cc_4","cc_1_0","2020-05-30T06:40:57.099Z"
"https://topic-writer.appspot.com/","fb7c00a8-9f1a-11ea-8e4c-9f8888cb5acb","2020-05-30T06:41:24","cc_documentBeforeSave","","other","0.7","https://docs.google.com/spreadsheets/d/1bOWAf7kGwbgbFsWPaB4okVg8l2lD12s_gtEZTFVC3sU/edit","","","","","2020-05-30T06:41:24.903Z"
"https://topic-writer.appspot.com/","fb7c00a8-9f1a-11ea-8e4c-9f8888cb5acb","2020-05-30T06:41:34","cc_documentLoaded","","other","0.7","https://docs.google.com/spreadsheets/d/1bOWAf7kGwbgbFsWPaB4okVg8l2lD12s_gtEZTFVC3sU/edit","","","","","2020-05-30T06:41:34.271Z"
"https://topic-writer.appspot.com/","fb7c00a8-9f1a-11ea-8e4c-9f8888cb5acb","2020-05-30T06:58:25","cc_cellPhraseAppend","td","cc_5_1","0.7","https://docs.google.com/spreadsheets/d/1bOWAf7kGwbgbFsWPaB4okVg8l2lD12s_gtEZTFVC3sU/edit","cc_3","cc_5","cc_4","cc_5_0","2020-05-30T06:58:25.580Z"
"https://topic-writer.appspot.com/","fb7c00a8-9f1a-11ea-8e4c-9f8888cb5acb","2020-05-30T06:58:31","cc_cellText","td","cc_5_1","0.7","https://docs.google.com/spreadsheets/d/1bOWAf7kGwbgbFsWPaB4okVg8l2lD12s_gtEZTFVC3sU/edit","cc_3","cc_5","cc_4","cc_5_0","2020-05-30T06:58:31.300Z"
"https://topic-writer.appspot.com/","fb7c00a8-9f1a-11ea-8e4c-9f8888cb5acb","2020-05-30T06:58:40","cc_documentBeforeSave","","other","0.7","https://docs.google.com/spreadsheets/d/1bOWAf7kGwbgbFsWPaB4okVg8l2lD12s_gtEZTFVC3sU/edit","","","","","2020-05-30T06:58:40.838Z"
"https://topic-writer.appspot.com/","fb7c00a8-9f1a-11ea-8e4c-9f8888cb5acb","2020-05-30T06:58:47","cc_documentLoaded","","other","0.7","https://docs.google.com/spreadsheets/d/1bOWAf7kGwbgbFsWPaB4okVg8l2lD12s_gtEZTFVC3sU/edit","","","","","2020-05-30T06:58:47.244Z"
"https://topic-writer.appspot.com/","fb7c00a8-9f1a-11ea-8e4c-9f8888cb5acb","2020-05-30T06:58:51","cc_textOut","","other","0.7","https://docs.google.com/spreadsheets/d/1bOWAf7kGwbgbFsWPaB4okVg8l2lD12s_gtEZTFVC3sU/edit","","","","","2020-05-30T06:58:51.813Z"
"https://topic-writer.appspot.com/","5112a654-a277-11ea-9736-a70856ba4349","2020-05-30T13:13:17","cc_create","","other","0.7","https://docs.google.com/spreadsheets/d/1bOWAf7kGwbgbFsWPaB4okVg8l2lD12s_gtEZTFVC3sU/edit","","","","","2020-05-30T13:13:17.948Z"
"https://topic-writer.appspot.com/","5112a654-a277-11ea-9736-a70856ba4349","2020-05-30T13:13:17","cc_documentLoaded","","other","0.7","https://docs.google.com/spreadsheets/d/1bOWAf7kGwbgbFsWPaB4okVg8l2lD12s_gtEZTFVC3sU/edit","","","","","2020-05-30T13:13:17.952Z"
"https://topic-writer.appspot.com/","5112a654-a277-11ea-9736-a70856ba4349","2020-05-30T13:13:26","cc_cellPhraseAppend","td","cc_0_1","0.7","https://docs.google.com/spreadsheets/d/1bOWAf7kGwbgbFsWPaB4okVg8l2lD12s_gtEZTFVC3sU/edit","cc_3","cc_5","cc_4","cc_0_0","2020-05-30T13:13:26.951Z"
"https://topic-writer.appspot.com/","5112a654-a277-11ea-9736-a70856ba4349","2020-05-30T13:13:49","cc_cellText","td","cc_0_1","0.7","https://docs.google.com/spreadsheets/d/1bOWAf7kGwbgbFsWPaB4okVg8l2lD12s_gtEZTFVC3sU/edit","cc_3","cc_5","cc_4","cc_0_0","2020-05-30T13:13:49.177Z"
"https://topic-writer.appspot.com/","5112a654-a277-11ea-9736-a70856ba4349","2020-05-30T13:14:00","cc_cellPhraseAppend","td","cc_1_1","0.7","https://docs.google.com/spreadsheets/d/1bOWAf7kGwbgbFsWPaB4okVg8l2lD12s_gtEZTFVC3sU/edit","cc_3","cc_5","cc_4","cc_1_0","2020-05-30T13:14:00.771Z"
"https://topic-writer.appspot.com/","5112a654-a277-11ea-9736-a70856ba4349","2020-05-30T13:16:13","cc_cellText","td","cc_1_1","0.7","https://docs.google.com/spreadsheets/d/1bOWAf7kGwbgbFsWPaB4okVg8l2lD12s_gtEZTFVC3sU/edit","cc_3","cc_5","cc_4","cc_1_0","2020-05-30T13:16:13.300Z"
"https://topic-writer.appspot.com/","5112a654-a277-11ea-9736-a70856ba4349","2020-05-30T13:16:29","cc_cellPhraseAppend","td","cc_2_1","0.7","https://docs.google.com/spreadsheets/d/1bOWAf7kGwbgbFsWPaB4okVg8l2lD12s_gtEZTFVC3sU/edit","cc_3","cc_5","cc_4","cc_2_0","2020-05-30T13:16:29.901Z"
"https://topic-writer.appspot.com/","5112a654-a277-11ea-9736-a70856ba4349","2020-05-30T14:15:40","cc_cellText","td","cc_2_1","0.7","https://docs.google.com/spreadsheets/d/1bOWAf7kGwbgbFsWPaB4okVg8l2lD12s_gtEZTFVC3sU/edit","cc_3","cc_5","cc_4","cc_2_0","2020-05-30T14:15:40.282Z"
"https://topic-writer.appspot.com/","5112a654-a277-11ea-9736-a70856ba4349","2020-05-30T14:15:43","cc_cellPhraseAppend","td","cc_3_1","0.7","https://docs.google.com/spreadsheets/d/1bOWAf7kGwbgbFsWPaB4okVg8l2lD12s_gtEZTFVC3sU/edit","cc_3","cc_5","cc_4","cc_3_0","2020-05-30T14:15:43.830Z"
"https://topic-writer.appspot.com/","5112a654-a277-11ea-9736-a70856ba4349","2020-05-30T14:17:29","cc_cellText","td","cc_3_1","0.7","https://docs.google.com/spreadsheets/d/1bOWAf7kGwbgbFsWPaB4okVg8l2lD12s_gtEZTFVC3sU/edit","cc_3","cc_5","cc_4","cc_3_0","2020-05-30T14:17:29.357Z"
"https://topic-writer.appspot.com/","5112a654-a277-11ea-9736-a70856ba4349","2020-05-30T14:17:35","cc_cellPhraseAppend","td","cc_4_1","0.7","https://docs.google.com/spreadsheets/d/1bOWAf7kGwbgbFsWPaB4okVg8l2lD12s_gtEZTFVC3sU/edit","cc_3","cc_5","cc_4","cc_4_0","2020-05-30T14:17:35.391Z"
"https://topic-writer.appspot.com/","5112a654-a277-11ea-9736-a70856ba4349","2020-05-30T14:21:03","cc_cellText","td","cc_4_1","0.7","https://docs.google.com/spreadsheets/d/1bOWAf7kGwbgbFsWPaB4okVg8l2lD12s_gtEZTFVC3sU/edit","cc_3","cc_5","cc_4","cc_4_0","2020-05-30T14:21:03.075Z"
"https://topic-writer.appspot.com/","5112a654-a277-11ea-9736-a70856ba4349","2020-05-30T14:21:20","cc_documentBeforeSave","","other","0.7","https://docs.google.com/spreadsheets/d/1bOWAf7kGwbgbFsWPaB4okVg8l2lD12s_gtEZTFVC3sU/edit","","","","","2020-05-30T14:21:20.774Z"
"https://topic-writer.appspot.com/","5112a654-a277-11ea-9736-a70856ba4349","2020-05-30T14:21:24","cc_documentLoaded","","other","0.7","https://docs.google.com/spreadsheets/d/1bOWAf7kGwbgbFsWPaB4okVg8l2lD12s_gtEZTFVC3sU/edit","","","","","2020-05-30T14:21:24.109Z"
"https://topic-writer.appspot.com/","5112a654-a277-11ea-9736-a70856ba4349","2020-05-30T14:21:25","cc_textOut","","other","0.7","https://docs.google.com/spreadsheets/d/1bOWAf7kGwbgbFsWPaB4okVg8l2lD12s_gtEZTFVC3sU/edit","","","","","2020-05-30T14:21:25.488Z"
"https://topic-writer.appspot.com/","007c3e3a-a0c2-11ea-8f7b-03e98b01064a","2020-05-28T09:02:56","cc_create","","other","0.7","https://docs.google.com/spreadsheets/d/1bOWAf7kGwbgbFsWPaB4okVg8l2lD12s_gtEZTFVC3sU/edit","","","","","2020-05-28T09:02:56.110Z"
"https://topic-writer.appspot.com/","007c3e3a-a0c2-11ea-8f7b-03e98b01064a","2020-05-28T09:02:56","cc_documentLoaded","","other","0.7","https://docs.google.com/spreadsheets/d/1bOWAf7kGwbgbFsWPaB4okVg8l2lD12s_gtEZTFVC3sU/edit","","","","","2020-05-28T09:02:56.117Z"
"https://topic-writer.appspot.com/","007c3e3a-a0c2-11ea-8f7b-03e98b01064a","2020-05-28T09:22:40","cc_cellPhraseAppend","td","cc_0_1","0.7","https://docs.google.com/spreadsheets/d/1bOWAf7kGwbgbFsWPaB4okVg8l2lD12s_gtEZTFVC3sU/edit","cc_3","cc_5","cc_4","cc_0_0","2020-05-28T09:22:40.306Z"
"https://topic-writer.appspot.com/","007c3e3a-a0c2-11ea-8f7b-03e98b01064a","2020-05-28T09:22:54","cc_cellText","td","cc_0_1","0.7","https://docs.google.com/spreadsheets/d/1bOWAf7kGwbgbFsWPaB4okVg8l2lD12s_gtEZTFVC3sU/edit","cc_3","cc_5","cc_4","cc_0_0","2020-05-28T09:22:54.544Z"
"https://topic-writer.appspot.com/","007c3e3a-a0c2-11ea-8f7b-03e98b01064a","2020-05-28T09:23:04","cc_cellPhraseAppend","td","cc_1_1","0.7","https://docs.google.com/spreadsheets/d/1bOWAf7kGwbgbFsWPaB4okVg8l2lD12s_gtEZTFVC3sU/edit","cc_3","cc_5","cc_4","cc_1_0","2020-05-28T09:23:04.156Z"
"https://topic-writer.appspot.com/","007c3e3a-a0c2-11ea-8f7b-03e98b01064a","2020-05-28T09:26:09","cc_cellText","td","cc_1_1","0.7","https://docs.google.com/spreadsheets/d/1bOWAf7kGwbgbFsWPaB4okVg8l2lD12s_gtEZTFVC3sU/edit","cc_3","cc_5","cc_4","cc_1_0","2020-05-28T09:26:09.450Z"
"https://topic-writer.appspot.com/","007c3e3a-a0c2-11ea-8f7b-03e98b01064a","2020-05-28T09:43:05","cc_cellPhraseAppend","td","cc_2_1","0.7","https://docs.google.com/spreadsheets/d/1bOWAf7kGwbgbFsWPaB4okVg8l2lD12s_gtEZTFVC3sU/edit","cc_3","cc_5","cc_4","cc_2_0","2020-05-28T09:43:05.522Z"
"https://topic-writer.appspot.com/","007c3e3a-a0c2-11ea-8f7b-03e98b01064a","2020-05-28T10:40:27","cc_cellText","td","cc_2_1","0.7","https://docs.google.com/spreadsheets/d/1bOWAf7kGwbgbFsWPaB4okVg8l2lD12s_gtEZTFVC3sU/edit","cc_3","cc_5","cc_4","cc_2_0","2020-05-28T10:40:27.027Z"
"https://topic-writer.appspot.com/","007c3e3a-a0c2-11ea-8f7b-03e98b01064a","2020-05-28T10:40:30","cc_cellPhraseAppend","td","cc_4_1","0.7","https://docs.google.com/spreadsheets/d/1bOWAf7kGwbgbFsWPaB4okVg8l2lD12s_gtEZTFVC3sU/edit","cc_3","cc_5","cc_4","cc_4_0","2020-05-28T10:40:30.097Z"
"https://topic-writer.appspot.com/","007c3e3a-a0c2-11ea-8f7b-03e98b01064a","2020-05-28T10:41:45","cc_cellText","td","cc_4_1","0.7","https://docs.google.com/spreadsheets/d/1bOWAf7kGwbgbFsWPaB4okVg8l2lD12s_gtEZTFVC3sU/edit","cc_3","cc_5","cc_4","cc_4_0","2020-05-28T10:41:45.163Z"
"https://topic-writer.appspot.com/","007c3e3a-a0c2-11ea-8f7b-03e98b01064a","2020-05-28T10:41:51","cc_cellPhraseAppend","td","cc_3_1","0.7","https://docs.google.com/spreadsheets/d/1bOWAf7kGwbgbFsWPaB4okVg8l2lD12s_gtEZTFVC3sU/edit","cc_3","cc_5","cc_4","cc_3_0","2020-05-28T10:41:51.311Z"
"https://topic-writer.appspot.com/","007c3e3a-a0c2-11ea-8f7b-03e98b01064a","2020-05-28T10:42:17","cc_cellText","td","cc_3_1","0.7","https://docs.google.com/spreadsheets/d/1bOWAf7kGwbgbFsWPaB4okVg8l2lD12s_gtEZTFVC3sU/edit","cc_3","cc_5","cc_4","cc_3_0","2020-05-28T10:42:17.152Z"
"https://topic-writer.appspot.com/","007c3e3a-a0c2-11ea-8f7b-03e98b01064a","2020-05-29T08:43:24","cc_cellText","td","cc_2_1","0.7","https://docs.google.com/spreadsheets/d/1bOWAf7kGwbgbFsWPaB4okVg8l2lD12s_gtEZTFVC3sU/edit","cc_3","cc_5","cc_4","cc_2_0","2020-05-29T08:43:24.373Z"
"https://topic-writer.appspot.com/","007c3e3a-a0c2-11ea-8f7b-03e98b01064a","2020-05-29T08:43:32","cc_textOut","","other","0.7","https://docs.google.com/spreadsheets/d/1bOWAf7kGwbgbFsWPaB4okVg8l2lD12s_gtEZTFVC3sU/edit","","","","","2020-05-29T08:43:32.129Z"
"https://topic-writer.appspot.com/","007c3e3a-a0c2-11ea-8f7b-03e98b01064a","2020-05-29T08:43:56","cc_documentBeforeSave","","other","0.7","https://docs.google.com/spreadsheets/d/1bOWAf7kGwbgbFsWPaB4okVg8l2lD12s_gtEZTFVC3sU/edit","","","","","2020-05-29T08:43:56.209Z"
"https://topic-writer.appspot.com/","007c3e3a-a0c2-11ea-8f7b-03e98b01064a","2020-05-29T08:43:59","cc_documentLoaded","","other","0.7","https://docs.google.com/spreadsheets/d/1bOWAf7kGwbgbFsWPaB4okVg8l2lD12s_gtEZTFVC3sU/edit","","","","","2020-05-29T08:43:59.495Z"
"https://topic-writer.appspot.com/","007c3e3a-a0c2-11ea-8f7b-03e98b01064a","2020-05-29T08:44:17","cc_textOut","","other","0.7","https://docs.google.com/spreadsheets/d/1bOWAf7kGwbgbFsWPaB4okVg8l2lD12s_gtEZTFVC3sU/edit","","","","","2020-05-29T08:44:17.748Z"
"https://topic-writer.appspot.com/","49195de3-a0f6-11ea-acc2-634593aa72d2","2020-05-28T15:17:04","cc_create","","other","0.7","https://docs.google.com/spreadsheets/d/1bOWAf7kGwbgbFsWPaB4okVg8l2lD12s_gtEZTFVC3sU/edit","","","","","2020-05-28T15:17:04.325Z"
"https://topic-writer.appspot.com/","49195de3-a0f6-11ea-acc2-634593aa72d2","2020-05-28T15:17:04","cc_documentLoaded","","other","0.7","https://docs.google.com/spreadsheets/d/1bOWAf7kGwbgbFsWPaB4okVg8l2lD12s_gtEZTFVC3sU/edit","","","","","2020-05-28T15:17:04.327Z"
"https://topic-writer.appspot.com/","49195de3-a0f6-11ea-acc2-634593aa72d2","2020-05-28T15:17:11","cc_cellPhraseAppend","td","cc_0_1","0.7","https://docs.google.com/spreadsheets/d/1bOWAf7kGwbgbFsWPaB4okVg8l2lD12s_gtEZTFVC3sU/edit","cc_3","cc_5","cc_4","cc_0_0","2020-05-28T15:17:11.546Z"
"https://topic-writer.appspot.com/","49195de3-a0f6-11ea-acc2-634593aa72d2","2020-05-28T15:17:50","cc_cellText","td","cc_0_1","0.7","https://docs.google.com/spreadsheets/d/1bOWAf7kGwbgbFsWPaB4okVg8l2lD12s_gtEZTFVC3sU/edit","cc_3","cc_5","cc_4","cc_0_0","2020-05-28T15:17:50.464Z"
"https://topic-writer.appspot.com/","49195de3-a0f6-11ea-acc2-634593aa72d2","2020-05-28T15:18:24","cc_create","","other","0.7","https://docs.google.com/spreadsheets/d/1bOWAf7kGwbgbFsWPaB4okVg8l2lD12s_gtEZTFVC3sU/edit","","","","","2020-05-28T15:18:24.578Z"
"https://topic-writer.appspot.com/","49195de3-a0f6-11ea-acc2-634593aa72d2","2020-05-28T15:18:24","cc_documentLoaded","","other","0.7","https://docs.google.com/spreadsheets/d/1bOWAf7kGwbgbFsWPaB4okVg8l2lD12s_gtEZTFVC3sU/edit","","","","","2020-05-28T15:18:24.580Z"
"https://topic-writer.appspot.com/","49195de3-a0f6-11ea-acc2-634593aa72d2","2020-05-28T15:18:29","cc_cellPhraseAppend","td","cc_0_1","0.7","https://docs.google.com/spreadsheets/d/1bOWAf7kGwbgbFsWPaB4okVg8l2lD12s_gtEZTFVC3sU/edit","cc_3","cc_5","cc_4","cc_0_0","2020-05-28T15:18:29.459Z"
"https://topic-writer.appspot.com/","49195de3-a0f6-11ea-acc2-634593aa72d2","2020-05-28T15:18:55","cc_cellText","td","cc_0_1","0.7","https://docs.google.com/spreadsheets/d/1bOWAf7kGwbgbFsWPaB4okVg8l2lD12s_gtEZTFVC3sU/edit","cc_3","cc_5","cc_4","cc_0_0","2020-05-28T15:18:55.868Z"
"https://topic-writer.appspot.com/","49195de3-a0f6-11ea-acc2-634593aa72d2","2020-05-28T15:19:04","cc_documentBeforeSave","","other","0.7","https://docs.google.com/spreadsheets/d/1bOWAf7kGwbgbFsWPaB4okVg8l2lD12s_gtEZTFVC3sU/edit","","","","","2020-05-28T15:19:04.083Z"
"https://topic-writer.appspot.com/","49195de3-a0f6-11ea-acc2-634593aa72d2","2020-05-28T15:19:07","cc_documentLoaded","","other","0.7","https://docs.google.com/spreadsheets/d/1bOWAf7kGwbgbFsWPaB4okVg8l2lD12s_gtEZTFVC3sU/edit","","","","","2020-05-28T15:19:07.303Z"
"https://topic-writer.appspot.com/","49195de3-a0f6-11ea-acc2-634593aa72d2","2020-05-28T15:19:10","cc_cellPhraseAppend","td","cc_1_1","0.7","https://docs.google.com/spreadsheets/d/1bOWAf7kGwbgbFsWPaB4okVg8l2lD12s_gtEZTFVC3sU/edit","cc_3","cc_5","cc_4","cc_1_0","2020-05-28T15:19:10.687Z"
"https://topic-writer.appspot.com/","49195de3-a0f6-11ea-acc2-634593aa72d2","2020-05-28T15:21:30","cc_cellText","td","cc_1_1","0.7","https://docs.google.com/spreadsheets/d/1bOWAf7kGwbgbFsWPaB4okVg8l2lD12s_gtEZTFVC3sU/edit","cc_3","cc_5","cc_4","cc_1_0","2020-05-28T15:21:30.294Z"
"https://topic-writer.appspot.com/","49195de3-a0f6-11ea-acc2-634593aa72d2","2020-05-28T15:21:36","cc_cellPhraseAppend","td","cc_2_1","0.7","https://docs.google.com/spreadsheets/d/1bOWAf7kGwbgbFsWPaB4okVg8l2lD12s_gtEZTFVC3sU/edit","cc_3","cc_5","cc_4","cc_2_0","2020-05-28T15:21:36.421Z"
"https://topic-writer.appspot.com/","49195de3-a0f6-11ea-acc2-634593aa72d2","2020-05-28T15:26:39","cc_cellText","td","cc_2_1","0.7","https://docs.google.com/spreadsheets/d/1bOWAf7kGwbgbFsWPaB4okVg8l2lD12s_gtEZTFVC3sU/edit","cc_3","cc_5","cc_4","cc_2_0","2020-05-28T15:26:39.592Z"
"https://topic-writer.appspot.com/","49195de3-a0f6-11ea-acc2-634593aa72d2","2020-05-28T15:26:42","cc_documentBeforeSave","","other","0.7","https://docs.google.com/spreadsheets/d/1bOWAf7kGwbgbFsWPaB4okVg8l2lD12s_gtEZTFVC3sU/edit","","","","","2020-05-28T15:26:42.569Z"
"https://topic-writer.appspot.com/","49195de3-a0f6-11ea-acc2-634593aa72d2","2020-05-28T15:26:46","cc_cellPhraseAppend","td","cc_3_1","0.7","https://docs.google.com/spreadsheets/d/1bOWAf7kGwbgbFsWPaB4okVg8l2lD12s_gtEZTFVC3sU/edit","cc_3","cc_5","cc_4","cc_3_0","2020-05-28T15:26:46.490Z"
"https://topic-writer.appspot.com/","49195de3-a0f6-11ea-acc2-634593aa72d2","2020-05-28T15:35:24","cc_cellText","td","cc_3_1","0.7","https://docs.google.com/spreadsheets/d/1bOWAf7kGwbgbFsWPaB4okVg8l2lD12s_gtEZTFVC3sU/edit","cc_3","cc_5","cc_4","cc_3_0","2020-05-28T15:35:24.206Z"
"https://topic-writer.appspot.com/","49195de3-a0f6-11ea-acc2-634593aa72d2","2020-05-28T15:35:27","cc_documentBeforeSave","","other","0.7","https://docs.google.com/spreadsheets/d/1bOWAf7kGwbgbFsWPaB4okVg8l2lD12s_gtEZTFVC3sU/edit","","","","","2020-05-28T15:35:27.294Z"
"https://topic-writer.appspot.com/","49195de3-a0f6-11ea-acc2-634593aa72d2","2020-05-28T15:35:32","cc_cellPhraseAppend","td","cc_4_1","0.7","https://docs.google.com/spreadsheets/d/1bOWAf7kGwbgbFsWPaB4okVg8l2lD12s_gtEZTFVC3sU/edit","cc_3","cc_5","cc_4","cc_4_0","2020-05-28T15:35:32.893Z"
"https://topic-writer.appspot.com/","49195de3-a0f6-11ea-acc2-634593aa72d2","2020-05-28T15:41:12","cc_cellText","td","cc_4_1","0.7","https://docs.google.com/spreadsheets/d/1bOWAf7kGwbgbFsWPaB4okVg8l2lD12s_gtEZTFVC3sU/edit","cc_3","cc_5","cc_4","cc_4_0","2020-05-28T15:41:12.235Z"
"https://topic-writer.appspot.com/","49195de3-a0f6-11ea-acc2-634593aa72d2","2020-05-28T15:41:22","cc_cellText","td","cc_4_1","0.7","https://docs.google.com/spreadsheets/d/1bOWAf7kGwbgbFsWPaB4okVg8l2lD12s_gtEZTFVC3sU/edit","cc_3","cc_5","cc_4","cc_4_0","2020-05-28T15:41:22.487Z"
"https://topic-writer.appspot.com/","49195de3-a0f6-11ea-acc2-634593aa72d2","2020-05-28T15:41:25","cc_documentBeforeSave","","other","0.7","https://docs.google.com/spreadsheets/d/1bOWAf7kGwbgbFsWPaB4okVg8l2lD12s_gtEZTFVC3sU/edit","","","","","2020-05-28T15:41:25.203Z"
"https://topic-writer.appspot.com/","49195de3-a0f6-11ea-acc2-634593aa72d2","2020-05-28T15:41:30","cc_textOut","","other","0.7","https://docs.google.com/spreadsheets/d/1bOWAf7kGwbgbFsWPaB4okVg8l2lD12s_gtEZTFVC3sU/edit","","","","","2020-05-28T15:41:30.771Z"
"https://topic-writer.appspot.com/","49195de3-a0f6-11ea-acc2-634593aa72d2","2020-05-30T14:46:17","cc_documentLoaded","","other","0.7","https://docs.google.com/spreadsheets/d/1bOWAf7kGwbgbFsWPaB4okVg8l2lD12s_gtEZTFVC3sU/edit","","","","","2020-05-30T14:46:17.678Z"
"https://topic-writer.appspot.com/","49195de3-a0f6-11ea-acc2-634593aa72d2","2020-05-30T14:46:23","cc_cellPhraseAppend","td","cc_5_1","0.7","https://docs.google.com/spreadsheets/d/1bOWAf7kGwbgbFsWPaB4okVg8l2lD12s_gtEZTFVC3sU/edit","cc_3","cc_5","cc_4","cc_5_0","2020-05-30T14:46:23.003Z"
"https://topic-writer.appspot.com/","49195de3-a0f6-11ea-acc2-634593aa72d2","2020-05-30T14:47:13","cc_cellText","td","cc_5_1","0.7","https://docs.google.com/spreadsheets/d/1bOWAf7kGwbgbFsWPaB4okVg8l2lD12s_gtEZTFVC3sU/edit","cc_3","cc_5","cc_4","cc_5_0","2020-05-30T14:47:13.584Z"
"https://topic-writer.appspot.com/","49195de3-a0f6-11ea-acc2-634593aa72d2","2020-05-30T14:47:18","cc_cellText","td","cc_5_1","0.7","https://docs.google.com/spreadsheets/d/1bOWAf7kGwbgbFsWPaB4okVg8l2lD12s_gtEZTFVC3sU/edit","cc_3","cc_5","cc_4","cc_5_0","2020-05-30T14:47:18.525Z"
"https://topic-writer.appspot.com/","49195de3-a0f6-11ea-acc2-634593aa72d2","2020-05-30T14:47:22","cc_documentBeforeSave","","other","0.7","https://docs.google.com/spreadsheets/d/1bOWAf7kGwbgbFsWPaB4okVg8l2lD12s_gtEZTFVC3sU/edit","","","","","2020-05-30T14:47:22.496Z"
"https://topic-writer.appspot.com/","49195de3-a0f6-11ea-acc2-634593aa72d2","2020-05-30T14:47:32","cc_textOut","","other","0.7","https://docs.google.com/spreadsheets/d/1bOWAf7kGwbgbFsWPaB4okVg8l2lD12s_gtEZTFVC3sU/edit","","","","","2020-05-30T14:47:32.616Z"
"https://topic-writer.appspot.com/","49195de3-a0f6-11ea-acc2-634593aa72d2","2020-06-04T16:34:07","cc_documentLoaded","","other","0.7","https://docs.google.com/spreadsheets/d/1bOWAf7kGwbgbFsWPaB4okVg8l2lD12s_gtEZTFVC3sU/edit","","","","","2020-06-04T16:34:07.323Z"
"https://topic-writer.appspot.com/","6275a00a-a26e-11ea-8dbd-a70856ba4349","2020-05-30T12:09:17","cc_documentLoaded","","other","0.7","https://docs.google.com/spreadsheets/d/1bOWAf7kGwbgbFsWPaB4okVg8l2lD12s_gtEZTFVC3sU/edit","","","","","2020-05-30T12:09:17.892Z"
"https://topic-writer.appspot.com/","6275a00a-a26e-11ea-8dbd-a70856ba4349","2020-05-30T12:09:17","cc_create","","other","0.7","https://docs.google.com/spreadsheets/d/1bOWAf7kGwbgbFsWPaB4okVg8l2lD12s_gtEZTFVC3sU/edit","","","","","2020-05-30T12:09:17.890Z"
"https://topic-writer.appspot.com/","6275a00a-a26e-11ea-8dbd-a70856ba4349","2020-05-30T12:09:25","cc_cellPhraseAppend","td","cc_0_1","0.7","https://docs.google.com/spreadsheets/d/1bOWAf7kGwbgbFsWPaB4okVg8l2lD12s_gtEZTFVC3sU/edit","cc_3","cc_5","cc_4","cc_0_0","2020-05-30T12:09:25.124Z"
"https://topic-writer.appspot.com/","6275a00a-a26e-11ea-8dbd-a70856ba4349","2020-05-30T12:10:42","cc_cellText","td","cc_0_1","0.7","https://docs.google.com/spreadsheets/d/1bOWAf7kGwbgbFsWPaB4okVg8l2lD12s_gtEZTFVC3sU/edit","cc_3","cc_5","cc_4","cc_0_0","2020-05-30T12:10:42.227Z"
"https://topic-writer.appspot.com/","6275a00a-a26e-11ea-8dbd-a70856ba4349","2020-05-30T12:10:48","cc_cellPhraseAppend","td","cc_1_1","0.7","https://docs.google.com/spreadsheets/d/1bOWAf7kGwbgbFsWPaB4okVg8l2lD12s_gtEZTFVC3sU/edit","cc_3","cc_5","cc_4","cc_1_0","2020-05-30T12:10:48.603Z"
"https://topic-writer.appspot.com/","6275a00a-a26e-11ea-8dbd-a70856ba4349","2020-05-30T12:13:31","cc_cellText","td","cc_1_1","0.7","https://docs.google.com/spreadsheets/d/1bOWAf7kGwbgbFsWPaB4okVg8l2lD12s_gtEZTFVC3sU/edit","cc_3","cc_5","cc_4","cc_1_0","2020-05-30T12:13:31.906Z"
"https://topic-writer.appspot.com/","6275a00a-a26e-11ea-8dbd-a70856ba4349","2020-05-30T12:15:36","cc_cellPhraseAppend","td","cc_2_1","0.7","https://docs.google.com/spreadsheets/d/1bOWAf7kGwbgbFsWPaB4okVg8l2lD12s_gtEZTFVC3sU/edit","cc_3","cc_5","cc_4","cc_2_0","2020-05-30T12:15:36.895Z"
"https://topic-writer.appspot.com/","6275a00a-a26e-11ea-8dbd-a70856ba4349","2020-05-30T12:21:45","cc_cellText","td","cc_2_1","0.7","https://docs.google.com/spreadsheets/d/1bOWAf7kGwbgbFsWPaB4okVg8l2lD12s_gtEZTFVC3sU/edit","cc_3","cc_5","cc_4","cc_2_0","2020-05-30T12:21:45.810Z"
"https://topic-writer.appspot.com/","6275a00a-a26e-11ea-8dbd-a70856ba4349","2020-05-30T12:23:57","cc_cellPhraseAppend","td","cc_3_1","0.7","https://docs.google.com/spreadsheets/d/1bOWAf7kGwbgbFsWPaB4okVg8l2lD12s_gtEZTFVC3sU/edit","cc_3","cc_5","cc_4","cc_3_0","2020-05-30T12:23:57.168Z"
"https://topic-writer.appspot.com/","6275a00a-a26e-11ea-8dbd-a70856ba4349","2020-05-30T12:26:52","cc_cellText","td","cc_3_1","0.7","https://docs.google.com/spreadsheets/d/1bOWAf7kGwbgbFsWPaB4okVg8l2lD12s_gtEZTFVC3sU/edit","cc_3","cc_5","cc_4","cc_3_0","2020-05-30T12:26:52.789Z"
"https://topic-writer.appspot.com/","6275a00a-a26e-11ea-8dbd-a70856ba4349","2020-05-30T12:27:09","cc_cellPhraseAppend","td","cc_4_1","0.7","https://docs.google.com/spreadsheets/d/1bOWAf7kGwbgbFsWPaB4okVg8l2lD12s_gtEZTFVC3sU/edit","cc_3","cc_5","cc_4","cc_4_0","2020-05-30T12:27:09.107Z"
"https://topic-writer.appspot.com/","6275a00a-a26e-11ea-8dbd-a70856ba4349","2020-05-30T12:28:14","cc_cellText","td","cc_4_1","0.7","https://docs.google.com/spreadsheets/d/1bOWAf7kGwbgbFsWPaB4okVg8l2lD12s_gtEZTFVC3sU/edit","cc_3","cc_5","cc_4","cc_4_0","2020-05-30T12:28:14.280Z"
"https://topic-writer.appspot.com/","6275a00a-a26e-11ea-8dbd-a70856ba4349","2020-05-30T12:28:39","cc_documentBeforeSave","","other","0.7","https://docs.google.com/spreadsheets/d/1bOWAf7kGwbgbFsWPaB4okVg8l2lD12s_gtEZTFVC3sU/edit","","","","","2020-05-30T12:28:39.381Z"
"https://topic-writer.appspot.com/","6275a00a-a26e-11ea-8dbd-a70856ba4349","2020-05-30T12:28:42","cc_documentLoaded","","other","0.7","https://docs.google.com/spreadsheets/d/1bOWAf7kGwbgbFsWPaB4okVg8l2lD12s_gtEZTFVC3sU/edit","","","","","2020-05-30T12:28:42.568Z"
"https://topic-writer.appspot.com/","6275a00a-a26e-11ea-8dbd-a70856ba4349","2020-05-30T12:28:43","cc_textOut","","other","0.7","https://docs.google.com/spreadsheets/d/1bOWAf7kGwbgbFsWPaB4okVg8l2lD12s_gtEZTFVC3sU/edit","","","","","2020-05-30T12:28:43.792Z"
"https://topic-writer.appspot.com/","2c71423d-a217-11ea-b314-a16cf1d4f530","2020-05-30T01:45:09","cc_create","","other","0.7","https://docs.google.com/spreadsheets/d/1bOWAf7kGwbgbFsWPaB4okVg8l2lD12s_gtEZTFVC3sU/edit","","","","","2020-05-30T01:45:09.617Z"
"https://topic-writer.appspot.com/","2c71423d-a217-11ea-b314-a16cf1d4f530","2020-05-30T01:45:09","cc_documentLoaded","","other","0.7","https://docs.google.com/spreadsheets/d/1bOWAf7kGwbgbFsWPaB4okVg8l2lD12s_gtEZTFVC3sU/edit","","","","","2020-05-30T01:45:09.627Z"
"https://topic-writer.appspot.com/","2c71423d-a217-11ea-b314-a16cf1d4f530","2020-05-30T01:45:27","cc_cellPhraseAppend","td","cc_0_1","0.7","https://docs.google.com/spreadsheets/d/1bOWAf7kGwbgbFsWPaB4okVg8l2lD12s_gtEZTFVC3sU/edit","cc_3","cc_5","cc_4","cc_0_0","2020-05-30T01:45:27.985Z"
"https://topic-writer.appspot.com/","2c71423d-a217-11ea-b314-a16cf1d4f530","2020-05-30T01:45:51","cc_cellText","td","cc_0_1","0.7","https://docs.google.com/spreadsheets/d/1bOWAf7kGwbgbFsWPaB4okVg8l2lD12s_gtEZTFVC3sU/edit","cc_3","cc_5","cc_4","cc_0_0","2020-05-30T01:45:51.440Z"
"https://topic-writer.appspot.com/","2c71423d-a217-11ea-b314-a16cf1d4f530","2020-05-30T01:45:57","cc_cellPhraseAppend","td","cc_1_1","0.7","https://docs.google.com/spreadsheets/d/1bOWAf7kGwbgbFsWPaB4okVg8l2lD12s_gtEZTFVC3sU/edit","cc_3","cc_5","cc_4","cc_1_0","2020-05-30T01:45:57.619Z"
"https://topic-writer.appspot.com/","2c71423d-a217-11ea-b314-a16cf1d4f530","2020-05-30T01:46:59","cc_cellText","td","cc_1_1","0.7","https://docs.google.com/spreadsheets/d/1bOWAf7kGwbgbFsWPaB4okVg8l2lD12s_gtEZTFVC3sU/edit","cc_3","cc_5","cc_4","cc_1_0","2020-05-30T01:46:59.667Z"
"https://topic-writer.appspot.com/","2c71423d-a217-11ea-b314-a16cf1d4f530","2020-05-30T01:53:32","cc_documentBeforeSave","","other","0.7","https://docs.google.com/spreadsheets/d/1bOWAf7kGwbgbFsWPaB4okVg8l2lD12s_gtEZTFVC3sU/edit","","","","","2020-05-30T01:53:32.919Z"
"https://topic-writer.appspot.com/","2c71423d-a217-11ea-b314-a16cf1d4f530","2020-05-30T01:53:36","cc_documentLoaded","","other","0.7","https://docs.google.com/spreadsheets/d/1bOWAf7kGwbgbFsWPaB4okVg8l2lD12s_gtEZTFVC3sU/edit","","","","","2020-05-30T01:53:36.596Z"
"https://topic-writer.appspot.com/","2c71423d-a217-11ea-b314-a16cf1d4f530","2020-05-30T01:58:40","cc_cellPhraseAppend","td","cc_2_1","0.7","https://docs.google.com/spreadsheets/d/1bOWAf7kGwbgbFsWPaB4okVg8l2lD12s_gtEZTFVC3sU/edit","cc_3","cc_5","cc_4","cc_2_0","2020-05-30T01:58:40.461Z"
"https://topic-writer.appspot.com/","2c71423d-a217-11ea-b314-a16cf1d4f530","2020-05-30T08:23:50","cc_cellText","td","cc_2_1","0.7","https://docs.google.com/spreadsheets/d/1bOWAf7kGwbgbFsWPaB4okVg8l2lD12s_gtEZTFVC3sU/edit","cc_3","cc_5","cc_4","cc_2_0","2020-05-30T08:23:50.048Z"
"https://topic-writer.appspot.com/","2c71423d-a217-11ea-b314-a16cf1d4f530","2020-05-30T08:23:52","cc_documentBeforeSave","","other","0.7","https://docs.google.com/spreadsheets/d/1bOWAf7kGwbgbFsWPaB4okVg8l2lD12s_gtEZTFVC3sU/edit","","","","","2020-05-30T08:23:52.654Z"
"https://topic-writer.appspot.com/","2c71423d-a217-11ea-b314-a16cf1d4f530","2020-05-30T08:40:43","cc_cellPhraseAppend","td","cc_3_1","0.7","https://docs.google.com/spreadsheets/d/1bOWAf7kGwbgbFsWPaB4okVg8l2lD12s_gtEZTFVC3sU/edit","cc_3","cc_5","cc_4","cc_3_0","2020-05-30T08:40:43.464Z"
"https://topic-writer.appspot.com/","2c71423d-a217-11ea-b314-a16cf1d4f530","2020-05-30T08:41:24","cc_cellText","td","cc_3_1","0.7","https://docs.google.com/spreadsheets/d/1bOWAf7kGwbgbFsWPaB4okVg8l2lD12s_gtEZTFVC3sU/edit","cc_3","cc_5","cc_4","cc_3_0","2020-05-30T08:41:24.922Z"
"https://topic-writer.appspot.com/","2c71423d-a217-11ea-b314-a16cf1d4f530","2020-05-30T08:41:30","cc_cellPhraseAppend","td","cc_3_1","0.7","https://docs.google.com/spreadsheets/d/1bOWAf7kGwbgbFsWPaB4okVg8l2lD12s_gtEZTFVC3sU/edit","cc_3","cc_5","cc_4","cc_3_0","2020-05-30T08:41:30.394Z"
"https://topic-writer.appspot.com/","2c71423d-a217-11ea-b314-a16cf1d4f530","2020-05-30T08:42:14","cc_cellText","td","cc_3_1","0.7","https://docs.google.com/spreadsheets/d/1bOWAf7kGwbgbFsWPaB4okVg8l2lD12s_gtEZTFVC3sU/edit","cc_3","cc_5","cc_4","cc_3_0","2020-05-30T08:42:14.282Z"
"https://topic-writer.appspot.com/","2c71423d-a217-11ea-b314-a16cf1d4f530","2020-05-30T08:42:21","cc_cellPhraseAppend","td","cc_4_1","0.7","https://docs.google.com/spreadsheets/d/1bOWAf7kGwbgbFsWPaB4okVg8l2lD12s_gtEZTFVC3sU/edit","cc_3","cc_5","cc_4","cc_4_0","2020-05-30T08:42:21.066Z"
"https://topic-writer.appspot.com/","2c71423d-a217-11ea-b314-a16cf1d4f530","2020-05-30T08:43:41","cc_cellText","td","cc_4_1","0.7","https://docs.google.com/spreadsheets/d/1bOWAf7kGwbgbFsWPaB4okVg8l2lD12s_gtEZTFVC3sU/edit","cc_3","cc_5","cc_4","cc_4_0","2020-05-30T08:43:41.623Z"
"https://topic-writer.appspot.com/","2c71423d-a217-11ea-b314-a16cf1d4f530","2020-05-30T08:43:48","cc_documentBeforeSave","","other","0.7","https://docs.google.com/spreadsheets/d/1bOWAf7kGwbgbFsWPaB4okVg8l2lD12s_gtEZTFVC3sU/edit","","","","","2020-05-30T08:43:48.050Z"
"https://topic-writer.appspot.com/","2c71423d-a217-11ea-b314-a16cf1d4f530","2020-05-30T08:43:50","cc_textOut","","other","0.7","https://docs.google.com/spreadsheets/d/1bOWAf7kGwbgbFsWPaB4okVg8l2lD12s_gtEZTFVC3sU/edit","","","","","2020-05-30T08:43:50.904Z"
"https://topic-writer.appspot.com/","ecc5f763-a267-11ea-bc07-a70856ba4349","2020-05-30T11:23:10","cc_create","","other","0.7","https://docs.google.com/spreadsheets/d/1bOWAf7kGwbgbFsWPaB4okVg8l2lD12s_gtEZTFVC3sU/edit","","","","","2020-05-30T11:23:10.693Z"
"https://topic-writer.appspot.com/","ecc5f763-a267-11ea-bc07-a70856ba4349","2020-05-30T11:23:10","cc_documentLoaded","","other","0.7","https://docs.google.com/spreadsheets/d/1bOWAf7kGwbgbFsWPaB4okVg8l2lD12s_gtEZTFVC3sU/edit","","","","","2020-05-30T11:23:10.700Z"
"https://topic-writer.appspot.com/","ecc5f763-a267-11ea-bc07-a70856ba4349","2020-05-30T11:23:34","cc_cellPhraseAppend","td","cc_0_1","0.7","https://docs.google.com/spreadsheets/d/1bOWAf7kGwbgbFsWPaB4okVg8l2lD12s_gtEZTFVC3sU/edit","cc_3","cc_5","cc_4","cc_0_0","2020-05-30T11:23:34.196Z"
"https://topic-writer.appspot.com/","ecc5f763-a267-11ea-bc07-a70856ba4349","2020-05-30T11:23:54","cc_cellText","td","cc_0_1","0.7","https://docs.google.com/spreadsheets/d/1bOWAf7kGwbgbFsWPaB4okVg8l2lD12s_gtEZTFVC3sU/edit","cc_3","cc_5","cc_4","cc_0_0","2020-05-30T11:23:54.209Z"
"https://topic-writer.appspot.com/","ecc5f763-a267-11ea-bc07-a70856ba4349","2020-05-30T11:24:02","cc_cellPhraseAppend","td","cc_1_1","0.7","https://docs.google.com/spreadsheets/d/1bOWAf7kGwbgbFsWPaB4okVg8l2lD12s_gtEZTFVC3sU/edit","cc_3","cc_5","cc_4","cc_1_0","2020-05-30T11:24:02.337Z"
"https://topic-writer.appspot.com/","ecc5f763-a267-11ea-bc07-a70856ba4349","2020-05-30T11:26:13","cc_cellText","td","cc_1_1","0.7","https://docs.google.com/spreadsheets/d/1bOWAf7kGwbgbFsWPaB4okVg8l2lD12s_gtEZTFVC3sU/edit","cc_3","cc_5","cc_4","cc_1_0","2020-05-30T11:26:13.881Z"
"https://topic-writer.appspot.com/","ecc5f763-a267-11ea-bc07-a70856ba4349","2020-05-30T11:26:18","cc_cellPhraseAppend","td","cc_2_1","0.7","https://docs.google.com/spreadsheets/d/1bOWAf7kGwbgbFsWPaB4okVg8l2lD12s_gtEZTFVC3sU/edit","cc_3","cc_5","cc_4","cc_2_0","2020-05-30T11:26:18.493Z"
"https://topic-writer.appspot.com/","ecc5f763-a267-11ea-bc07-a70856ba4349","2020-05-30T12:29:55","cc_cellText","td","cc_2_1","0.7","https://docs.google.com/spreadsheets/d/1bOWAf7kGwbgbFsWPaB4okVg8l2lD12s_gtEZTFVC3sU/edit","cc_3","cc_5","cc_4","cc_2_0","2020-05-30T12:29:55.829Z"
"https://topic-writer.appspot.com/","ecc5f763-a267-11ea-bc07-a70856ba4349","2020-05-30T12:30:06","cc_cellPhraseAppend","td","cc_4_1","0.7","https://docs.google.com/spreadsheets/d/1bOWAf7kGwbgbFsWPaB4okVg8l2lD12s_gtEZTFVC3sU/edit","cc_3","cc_5","cc_4","cc_4_0","2020-05-30T12:30:06.568Z"
"https://topic-writer.appspot.com/","ecc5f763-a267-11ea-bc07-a70856ba4349","2020-05-30T12:35:12","cc_cellText","td","cc_4_1","0.7","https://docs.google.com/spreadsheets/d/1bOWAf7kGwbgbFsWPaB4okVg8l2lD12s_gtEZTFVC3sU/edit","cc_3","cc_5","cc_4","cc_4_0","2020-05-30T12:35:12.466Z"
"https://topic-writer.appspot.com/","ecc5f763-a267-11ea-bc07-a70856ba4349","2020-05-30T12:35:17","cc_cellPhraseAppend","td","cc_3_1","0.7","https://docs.google.com/spreadsheets/d/1bOWAf7kGwbgbFsWPaB4okVg8l2lD12s_gtEZTFVC3sU/edit","cc_3","cc_5","cc_4","cc_3_0","2020-05-30T12:35:17.869Z"
"https://topic-writer.appspot.com/","ecc5f763-a267-11ea-bc07-a70856ba4349","2020-05-30T12:36:54","cc_cellText","td","cc_3_1","0.7","https://docs.google.com/spreadsheets/d/1bOWAf7kGwbgbFsWPaB4okVg8l2lD12s_gtEZTFVC3sU/edit","cc_3","cc_5","cc_4","cc_3_0","2020-05-30T12:36:54.594Z"
"https://topic-writer.appspot.com/","ecc5f763-a267-11ea-bc07-a70856ba4349","2020-05-30T12:41:12","cc_cellPhraseAppend","td","cc_5_1","0.7","https://docs.google.com/spreadsheets/d/1bOWAf7kGwbgbFsWPaB4okVg8l2lD12s_gtEZTFVC3sU/edit","cc_3","cc_5","cc_4","cc_5_0","2020-05-30T12:41:12.642Z"
"https://topic-writer.appspot.com/","ecc5f763-a267-11ea-bc07-a70856ba4349","2020-05-30T12:41:15","cc_cellText","td","cc_5_1","0.7","https://docs.google.com/spreadsheets/d/1bOWAf7kGwbgbFsWPaB4okVg8l2lD12s_gtEZTFVC3sU/edit","cc_3","cc_5","cc_4","cc_5_0","2020-05-30T12:41:15.958Z"
"https://topic-writer.appspot.com/","ecc5f763-a267-11ea-bc07-a70856ba4349","2020-05-30T12:41:55","cc_documentBeforeSave","","other","0.7","https://docs.google.com/spreadsheets/d/1bOWAf7kGwbgbFsWPaB4okVg8l2lD12s_gtEZTFVC3sU/edit","","","","","2020-05-30T12:41:55.155Z"
"https://topic-writer.appspot.com/","ecc5f763-a267-11ea-bc07-a70856ba4349","2020-05-30T12:41:58","cc_documentLoaded","","other","0.7","https://docs.google.com/spreadsheets/d/1bOWAf7kGwbgbFsWPaB4okVg8l2lD12s_gtEZTFVC3sU/edit","","","","","2020-05-30T12:41:58.020Z"
"https://topic-writer.appspot.com/","ecc5f763-a267-11ea-bc07-a70856ba4349","2020-05-30T12:41:59","cc_textOut","","other","0.7","https://docs.google.com/spreadsheets/d/1bOWAf7kGwbgbFsWPaB4okVg8l2lD12s_gtEZTFVC3sU/edit","","","","","2020-05-30T12:41:59.283Z"
"https://topic-writer.appspot.com/","ecc5f763-a267-11ea-bc07-a70856ba4349","2020-06-01T00:00:19","cc_documentBeforeSave","","other","0.7","https://docs.google.com/spreadsheets/d/1bOWAf7kGwbgbFsWPaB4okVg8l2lD12s_gtEZTFVC3sU/edit","","","","","2020-06-01T00:00:19.329Z"
"https://topic-writer.appspot.com/","76bf0728-a257-11ea-81b6-41c6061153e8","2020-05-30T09:25:17","cc_documentLoaded","","other","0.7","https://docs.google.com/spreadsheets/d/1bOWAf7kGwbgbFsWPaB4okVg8l2lD12s_gtEZTFVC3sU/edit","","","","","2020-05-30T09:25:17.849Z"
"https://topic-writer.appspot.com/","76bf0728-a257-11ea-81b6-41c6061153e8","2020-05-30T09:25:17","cc_create","","other","0.7","https://docs.google.com/spreadsheets/d/1bOWAf7kGwbgbFsWPaB4okVg8l2lD12s_gtEZTFVC3sU/edit","","","","","2020-05-30T09:25:17.847Z"
"https://topic-writer.appspot.com/","76bf0728-a257-11ea-81b6-41c6061153e8","2020-05-30T09:26:36","cc_cellPhraseAppend","td","cc_0_1","0.7","https://docs.google.com/spreadsheets/d/1bOWAf7kGwbgbFsWPaB4okVg8l2lD12s_gtEZTFVC3sU/edit","cc_3","cc_5","cc_4","cc_0_0","2020-05-30T09:26:36.652Z"
"https://topic-writer.appspot.com/","76bf0728-a257-11ea-81b6-41c6061153e8","2020-05-30T09:26:41","cc_cellText","td","cc_0_1","0.7","https://docs.google.com/spreadsheets/d/1bOWAf7kGwbgbFsWPaB4okVg8l2lD12s_gtEZTFVC3sU/edit","cc_3","cc_5","cc_4","cc_0_0","2020-05-30T09:26:41.702Z"
"https://topic-writer.appspot.com/","76bf0728-a257-11ea-81b6-41c6061153e8","2020-05-30T09:27:17","cc_cellPhraseAppend","td","cc_1_1","0.7","https://docs.google.com/spreadsheets/d/1bOWAf7kGwbgbFsWPaB4okVg8l2lD12s_gtEZTFVC3sU/edit","cc_3","cc_5","cc_4","cc_1_0","2020-05-30T09:27:17.412Z"
"https://topic-writer.appspot.com/","76bf0728-a257-11ea-81b6-41c6061153e8","2020-05-30T09:28:07","cc_cellText","td","cc_1_1","0.7","https://docs.google.com/spreadsheets/d/1bOWAf7kGwbgbFsWPaB4okVg8l2lD12s_gtEZTFVC3sU/edit","cc_3","cc_5","cc_4","cc_1_0","2020-05-30T09:28:07.848Z"
"https://topic-writer.appspot.com/","76bf0728-a257-11ea-81b6-41c6061153e8","2020-05-30T09:31:14","cc_cellPhraseAppend","td","cc_2_1","0.7","https://docs.google.com/spreadsheets/d/1bOWAf7kGwbgbFsWPaB4okVg8l2lD12s_gtEZTFVC3sU/edit","cc_3","cc_5","cc_4","cc_2_0","2020-05-30T09:31:14.496Z"
"https://topic-writer.appspot.com/","76bf0728-a257-11ea-81b6-41c6061153e8","2020-05-30T09:31:38","cc_cellText","td","cc_2_1","0.7","https://docs.google.com/spreadsheets/d/1bOWAf7kGwbgbFsWPaB4okVg8l2lD12s_gtEZTFVC3sU/edit","cc_3","cc_5","cc_4","cc_2_0","2020-05-30T09:31:38.017Z"
"https://topic-writer.appspot.com/","76bf0728-a257-11ea-81b6-41c6061153e8","2020-05-30T09:49:01","cc_cellText","td","cc_2_1","0.7","https://docs.google.com/spreadsheets/d/1bOWAf7kGwbgbFsWPaB4okVg8l2lD12s_gtEZTFVC3sU/edit","cc_3","cc_5","cc_4","cc_2_0","2020-05-30T09:49:01.625Z"
"https://topic-writer.appspot.com/","76bf0728-a257-11ea-81b6-41c6061153e8","2020-05-30T09:49:48","cc_cellPhraseAppend","td","cc_3_1","0.7","https://docs.google.com/spreadsheets/d/1bOWAf7kGwbgbFsWPaB4okVg8l2lD12s_gtEZTFVC3sU/edit","cc_3","cc_5","cc_4","cc_3_0","2020-05-30T09:49:48.549Z"
"https://topic-writer.appspot.com/","76bf0728-a257-11ea-81b6-41c6061153e8","2020-05-30T09:52:00","cc_cellText","td","cc_3_1","0.7","https://docs.google.com/spreadsheets/d/1bOWAf7kGwbgbFsWPaB4okVg8l2lD12s_gtEZTFVC3sU/edit","cc_3","cc_5","cc_4","cc_3_0","2020-05-30T09:52:00.792Z"
"https://topic-writer.appspot.com/","76bf0728-a257-11ea-81b6-41c6061153e8","2020-05-30T09:53:20","cc_cellPhraseAppend","td","cc_3_1","0.7","https://docs.google.com/spreadsheets/d/1bOWAf7kGwbgbFsWPaB4okVg8l2lD12s_gtEZTFVC3sU/edit","cc_3","cc_5","cc_4","cc_3_0","2020-05-30T09:53:20.408Z"
"https://topic-writer.appspot.com/","76bf0728-a257-11ea-81b6-41c6061153e8","2020-05-30T09:53:21","cc_cellText","td","cc_3_1","0.7","https://docs.google.com/spreadsheets/d/1bOWAf7kGwbgbFsWPaB4okVg8l2lD12s_gtEZTFVC3sU/edit","cc_3","cc_5","cc_4","cc_3_0","2020-05-30T09:53:21.697Z"
"https://topic-writer.appspot.com/","76bf0728-a257-11ea-81b6-41c6061153e8","2020-05-30T09:53:51","cc_cellText","td","cc_3_1","0.7","https://docs.google.com/spreadsheets/d/1bOWAf7kGwbgbFsWPaB4okVg8l2lD12s_gtEZTFVC3sU/edit","cc_3","cc_5","cc_4","cc_3_0","2020-05-30T09:53:51.589Z"
"https://topic-writer.appspot.com/","76bf0728-a257-11ea-81b6-41c6061153e8","2020-05-30T09:59:21","cc_paragraphRemove","span","cc_29","0.7","https://docs.google.com/spreadsheets/d/1bOWAf7kGwbgbFsWPaB4okVg8l2lD12s_gtEZTFVC3sU/edit","","","","","2020-05-30T09:59:21.447Z"
"https://topic-writer.appspot.com/","76bf0728-a257-11ea-81b6-41c6061153e8","2020-05-30T09:59:21","cc_cellPhraseRemove","","other","0.7","https://docs.google.com/spreadsheets/d/1bOWAf7kGwbgbFsWPaB4okVg8l2lD12s_gtEZTFVC3sU/edit","","","","","2020-05-30T09:59:21.444Z"
"https://topic-writer.appspot.com/","76bf0728-a257-11ea-81b6-41c6061153e8","2020-05-30T09:59:25","cc_cellPhraseAppend","td","cc_4_1","0.7","https://docs.google.com/spreadsheets/d/1bOWAf7kGwbgbFsWPaB4okVg8l2lD12s_gtEZTFVC3sU/edit","cc_3","cc_5","cc_4","cc_4_0","2020-05-30T09:59:25.836Z"
"https://topic-writer.appspot.com/","76bf0728-a257-11ea-81b6-41c6061153e8","2020-05-30T10:05:40","cc_cellText","td","cc_4_1","0.7","https://docs.google.com/spreadsheets/d/1bOWAf7kGwbgbFsWPaB4okVg8l2lD12s_gtEZTFVC3sU/edit","cc_3","cc_5","cc_4","cc_4_0","2020-05-30T10:05:40.246Z"
"https://topic-writer.appspot.com/","76bf0728-a257-11ea-81b6-41c6061153e8","2020-05-30T10:06:05","cc_documentBeforeSave","","other","0.7","https://docs.google.com/spreadsheets/d/1bOWAf7kGwbgbFsWPaB4okVg8l2lD12s_gtEZTFVC3sU/edit","","","","","2020-05-30T10:06:05.470Z"
"https://topic-writer.appspot.com/","76bf0728-a257-11ea-81b6-41c6061153e8","2020-05-30T10:06:08","cc_documentLoaded","","other","0.7","https://docs.google.com/spreadsheets/d/1bOWAf7kGwbgbFsWPaB4okVg8l2lD12s_gtEZTFVC3sU/edit","","","","","2020-05-30T10:06:08.005Z"
"https://topic-writer.appspot.com/","76bf0728-a257-11ea-81b6-41c6061153e8","2020-05-30T10:06:08","cc_textOut","","other","0.7","https://docs.google.com/spreadsheets/d/1bOWAf7kGwbgbFsWPaB4okVg8l2lD12s_gtEZTFVC3sU/edit","","","","","2020-05-30T10:06:08.881Z"
"https://topic-writer.appspot.com/","08b55b26-a282-11ea-b2cb-41c6061153e8","2020-05-30T14:30:02","cc_create","","other","0.7","https://docs.google.com/spreadsheets/d/1bOWAf7kGwbgbFsWPaB4okVg8l2lD12s_gtEZTFVC3sU/edit","","","","","2020-05-30T14:30:02.329Z"
"https://topic-writer.appspot.com/","08b55b26-a282-11ea-b2cb-41c6061153e8","2020-05-30T14:30:02","cc_documentLoaded","","other","0.7","https://docs.google.com/spreadsheets/d/1bOWAf7kGwbgbFsWPaB4okVg8l2lD12s_gtEZTFVC3sU/edit","","","","","2020-05-30T14:30:02.331Z"
"https://topic-writer.appspot.com/","08b55b26-a282-11ea-b2cb-41c6061153e8","2020-05-30T14:30:05","cc_cellPhraseAppend","td","cc_0_1","0.7","https://docs.google.com/spreadsheets/d/1bOWAf7kGwbgbFsWPaB4okVg8l2lD12s_gtEZTFVC3sU/edit","cc_3","cc_5","cc_4","cc_0_0","2020-05-30T14:30:05.952Z"
"https://topic-writer.appspot.com/","08b55b26-a282-11ea-b2cb-41c6061153e8","2020-05-30T14:30:56","cc_cellText","td","cc_0_1","0.7","https://docs.google.com/spreadsheets/d/1bOWAf7kGwbgbFsWPaB4okVg8l2lD12s_gtEZTFVC3sU/edit","cc_3","cc_5","cc_4","cc_0_0","2020-05-30T14:30:56.913Z"
"https://topic-writer.appspot.com/","08b55b26-a282-11ea-b2cb-41c6061153e8","2020-05-30T14:31:00","cc_cellPhraseAppend","td","cc_1_1","0.7","https://docs.google.com/spreadsheets/d/1bOWAf7kGwbgbFsWPaB4okVg8l2lD12s_gtEZTFVC3sU/edit","cc_3","cc_5","cc_4","cc_1_0","2020-05-30T14:31:00.024Z"
"https://topic-writer.appspot.com/","08b55b26-a282-11ea-b2cb-41c6061153e8","2020-05-30T14:33:06","cc_cellText","td","cc_1_1","0.7","https://docs.google.com/spreadsheets/d/1bOWAf7kGwbgbFsWPaB4okVg8l2lD12s_gtEZTFVC3sU/edit","cc_3","cc_5","cc_4","cc_1_0","2020-05-30T14:33:06.153Z"
"https://topic-writer.appspot.com/","08b55b26-a282-11ea-b2cb-41c6061153e8","2020-05-30T14:33:09","cc_cellPhraseAppend","td","cc_2_1","0.7","https://docs.google.com/spreadsheets/d/1bOWAf7kGwbgbFsWPaB4okVg8l2lD12s_gtEZTFVC3sU/edit","cc_3","cc_5","cc_4","cc_2_0","2020-05-30T14:33:09.968Z"
"https://topic-writer.appspot.com/","08b55b26-a282-11ea-b2cb-41c6061153e8","2020-05-30T14:36:35","cc_cellText","td","cc_2_1","0.7","https://docs.google.com/spreadsheets/d/1bOWAf7kGwbgbFsWPaB4okVg8l2lD12s_gtEZTFVC3sU/edit","cc_3","cc_5","cc_4","cc_2_0","2020-05-30T14:36:35.686Z"
"https://topic-writer.appspot.com/","08b55b26-a282-11ea-b2cb-41c6061153e8","2020-05-30T14:36:41","cc_cellPhraseAppend","td","cc_3_1","0.7","https://docs.google.com/spreadsheets/d/1bOWAf7kGwbgbFsWPaB4okVg8l2lD12s_gtEZTFVC3sU/edit","cc_3","cc_5","cc_4","cc_3_0","2020-05-30T14:36:41.708Z"
"https://topic-writer.appspot.com/","08b55b26-a282-11ea-b2cb-41c6061153e8","2020-05-30T14:38:51","cc_cellText","td","cc_3_1","0.7","https://docs.google.com/spreadsheets/d/1bOWAf7kGwbgbFsWPaB4okVg8l2lD12s_gtEZTFVC3sU/edit","cc_3","cc_5","cc_4","cc_3_0","2020-05-30T14:38:51.458Z"
"https://topic-writer.appspot.com/","08b55b26-a282-11ea-b2cb-41c6061153e8","2020-05-30T14:39:26","cc_cellPhraseAppend","td","cc_4_1","0.7","https://docs.google.com/spreadsheets/d/1bOWAf7kGwbgbFsWPaB4okVg8l2lD12s_gtEZTFVC3sU/edit","cc_3","cc_5","cc_4","cc_4_0","2020-05-30T14:39:26.259Z"
"https://topic-writer.appspot.com/","08b55b26-a282-11ea-b2cb-41c6061153e8","2020-05-30T14:41:40","cc_cellText","td","cc_4_1","0.7","https://docs.google.com/spreadsheets/d/1bOWAf7kGwbgbFsWPaB4okVg8l2lD12s_gtEZTFVC3sU/edit","cc_3","cc_5","cc_4","cc_4_0","2020-05-30T14:41:40.187Z"
"https://topic-writer.appspot.com/","08b55b26-a282-11ea-b2cb-41c6061153e8","2020-05-30T14:42:43","cc_cellPhraseAppend","td","cc_5_1","0.7","https://docs.google.com/spreadsheets/d/1bOWAf7kGwbgbFsWPaB4okVg8l2lD12s_gtEZTFVC3sU/edit","cc_3","cc_5","cc_4","cc_5_0","2020-05-30T14:42:43.154Z"
"https://topic-writer.appspot.com/","08b55b26-a282-11ea-b2cb-41c6061153e8","2020-05-30T14:47:26","cc_cellText","td","cc_5_1","0.7","https://docs.google.com/spreadsheets/d/1bOWAf7kGwbgbFsWPaB4okVg8l2lD12s_gtEZTFVC3sU/edit","cc_3","cc_5","cc_4","cc_5_0","2020-05-30T14:47:26.963Z"
"https://topic-writer.appspot.com/","08b55b26-a282-11ea-b2cb-41c6061153e8","2020-05-30T14:47:32","cc_documentBeforeSave","","other","0.7","https://docs.google.com/spreadsheets/d/1bOWAf7kGwbgbFsWPaB4okVg8l2lD12s_gtEZTFVC3sU/edit","","","","","2020-05-30T14:47:32.512Z"
"https://topic-writer.appspot.com/","08b55b26-a282-11ea-b2cb-41c6061153e8","2020-05-30T14:47:36","cc_documentLoaded","","other","0.7","https://docs.google.com/spreadsheets/d/1bOWAf7kGwbgbFsWPaB4okVg8l2lD12s_gtEZTFVC3sU/edit","","","","","2020-05-30T14:47:36.538Z"
"https://topic-writer.appspot.com/","08b55b26-a282-11ea-b2cb-41c6061153e8","2020-05-30T14:47:38","cc_textOut","","other","0.7","https://docs.google.com/spreadsheets/d/1bOWAf7kGwbgbFsWPaB4okVg8l2lD12s_gtEZTFVC3sU/edit","","","","","2020-05-30T14:47:38.027Z"

